date;portfolio;benchmark
10.06.2012;100;100
11.06.2012;101;99.5
12.06.2012;101.808;98.505
13.06.2012;101.095344;97.71696
14.06.2012;101.6008207;96.7397904
15.06.2012;102.4136273;97.51370872
16.06.2012;102.8232818;97.31868131
17.06.2012;103.0289284;97.41599999
18.06.2012;103.9561887;98.00049599
19.06.2012;104.7878382;97.11849152
20.06.2012;105.4165653;97.11849152
21.06.2012;106.3653143;96.82713605
22.06.2012;106.1525837;97.21444459
23.06.2012;106.0464311;97.21444459
24.06.2012;106.8948026;98.18658904
25.06.2012;107.8568558;99.07026834
26.06.2012;106.994001;99.07026834
27.06.2012;107.314983;98.574917
28.06.2012;108.3881328;99.06779158
29.06.2012;108.2797447;99.06779158
30.06.2012;109.3625421;99.66219833
01.07.2012;110.4561675;98.96456294
02.07.2012;110.6770799;99.95420857
03.07.2012;109.6809861;99.15457491
04.07.2012;108.9132192;98.46049288
05.07.2012;109.2399589;98.75587436
06.07.2012;110.1138786;98.16333911
07.07.2012;109.673423;97.27986906
08.07.2012;108.9057091;97.86354828
09.07.2012;109.5591433;98.64645666
10.07.2012;108.9017885;97.95593147
11.07.2012;108.6839849;96.97637215
12.07.2012;109.1187208;97.26730127
13.07.2012;109.446077;96.78096476
14.07.2012;108.5705084;97.16808862
15.07.2012;109.2219314;96.29357582
16.07.2012;109.877263;96.58245655
17.07.2012;109.6575085;95.71321444
18.07.2012;109.767166;94.85179551
19.07.2012;109.2183302;94.18783294
20.07.2012;108.6722385;93.90526944
21.07.2012;107.6941884;93.06012202
22.07.2012;106.8326349;92.22258092
23.07.2012;107.9009612;92.13035834
24.07.2012;108.0088622;91.76183691
25.07.2012;107.9008533;91.21126588
26.07.2012;107.0376465;91.21126588
27.07.2012;106.8235712;90.39036449
28.07.2012;107.1440419;89.48646085
29.07.2012;107.5726181;90.38132546
30.07.2012;108.6483443;90.74285076
31.07.2012;109.4088827;90.1076508
01.08.2012;108.3147939;89.65711255
02.08.2012;107.4482755;89.65711255
03.08.2012;106.5886893;90.28471234
04.08.2012;106.2689232;90.10414291
05.08.2012;106.0563854;89.29320562
06.08.2012;105.6321598;89.02532601
07.08.2012;104.9983669;88.22409807
08.08.2012;105.9433522;88.84166676
09.08.2012;105.5195788;87.95325009
10.08.2012;105.9416571;88.39301634
11.08.2012;105.6238321;88.39301634
12.08.2012;106.1519513;89.01176746
13.08.2012;107.0011669;88.21066155
14.08.2012;106.8941657;88.73992552
15.08.2012;107.9631074;88.38496582
16.08.2012;108.610886;88.38496582
17.08.2012;107.633388;87.76627106
18.08.2012;106.9875877;86.88860835
19.08.2012;106.2386746;86.62794252
20.08.2012;107.3010614;85.84829104
21.08.2012;107.3010614;86.1916842
22.08.2012;106.2280507;85.41595904
23.08.2012;106.2280507;84.56179945
24.08.2012;105.8031385;85.06917025
25.08.2012;105.5915323;85.4945161
26.08.2012;105.9083069;85.4945161
27.08.2012;105.8023985;85.58001062
28.08.2012;105.4849914;85.83675065
29.08.2012;105.2740214;85.66507715
30.08.2012;104.9581993;85.92207238
31.08.2012;104.9581993;85.66430616
01.09.2012;106.0077813;86.178292
02.09.2012;105.5837502;86.26447029
03.09.2012;106.6395877;86.43699923
04.09.2012;107.3860648;86.78274723
05.09.2012;106.4195902;86.60918174
06.09.2012;106.3131706;87.12883683
07.09.2012;107.2699892;87.82586752
08.09.2012;108.342689;87.12326058
09.09.2012;107.5842902;87.21038384
10.09.2012;107.6918745;86.33828
11.09.2012;108.5534095;86.85630968
12.09.2012;109.3132834;86.85630968
13.09.2012;109.3132834;86.76945337
14.09.2012;109.0946568;87.11653119
15.09.2012;108.6582782;87.37788078
16.09.2012;108.4409616;88.07690383
17.09.2012;109.3084893;87.19613479
18.09.2012;108.9805638;87.54491933
19.09.2012;108.435661;87.63246425
20.09.2012;109.1947107;86.93140453
21.09.2012;109.8498789;86.40981611
22.09.2012;110.3991283;86.06417684
23.09.2012;110.2887292;86.40843355
24.09.2012;109.8475743;86.66765885
25.09.2012;110.6165073;87.27433246
26.09.2012;110.5058908;87.36160679
27.09.2012;110.6163967;87.4489684
28.09.2012;111.1694787;87.88621324
29.09.2012;111.725326;88.14987188
30.09.2012;112.8425793;87.79727239
01.10.2012;112.6168942;88.23625876
02.10.2012;112.2790435;88.67744005
03.10.2012;111.8299273;88.67744005
04.10.2012;111.4944375;87.87934309
05.10.2012;110.3794931;87.87934309
06.10.2012;111.1521496;87.26418769
07.10.2012;111.9302146;86.39154581
08.10.2012;111.594424;85.87319654
09.10.2012;112.0408017;85.10033777
10.10.2012;111.7046793;85.1854381
11.10.2012;112.151498;84.92988179
12.10.2012;113.1608615;84.50523238
13.10.2012;113.0477006;84.25171668
14.10.2012;113.273796;84.25171668
15.10.2012;114.1799864;84.58872355
16.10.2012;113.8374464;84.757901
17.10.2012;112.9267469;84.33411149
18.10.2012;113.3784538;83.91244094
19.10.2012;112.6981831;84.58374046
20.10.2012;111.9092958;84.41457298
21.10.2012;111.1259308;83.90808554
22.10.2012;110.2369233;83.82417746
23.10.2012;109.3550279;82.98593568
24.10.2012;109.0269629;83.23489349
25.10.2012;108.2637741;83.23489349
26.10.2012;109.1298843;83.90077264
27.10.2012;109.1298843;84.06857418
28.10.2012;108.0385855;83.81636846
29.10.2012;108.3627012;82.97820478
30.10.2012;107.8208877;82.89522657
31.10.2012;107.7130668;82.89522657
01.11.2012;108.7901975;82.89522657
02.11.2012;109.3341485;82.81233135
03.11.2012;109.8808192;83.55764233
04.11.2012;108.782011;83.97543054
05.11.2012;108.782011;84.22735683
06.11.2012;109.3259211;84.22735683
07.11.2012;108.4513137;83.63776533
08.11.2012;109.2104729;84.39050522
09.11.2012;109.7565253;84.55928623
10.11.2012;110.8540905;84.81296409
11.11.2012;111.7409233;84.64333816
12.11.2012;112.4113688;83.96619146
13.11.2012;111.849312;83.29446193
14.11.2012;110.8426681;83.96081762
15.11.2012;110.5101401;83.12120944
16.11.2012;110.9521807;82.37311856
17.11.2012;111.2850372;83.03210351
18.11.2012;111.8414624;82.45087878
19.11.2012;112.1769868;83.11048581
20.11.2012;111.9526328;83.69225921
21.11.2012;112.512396;83.85964373
22.11.2012;113.5250076;84.44666124
23.11.2012;113.5250076;84.5311079
24.11.2012;112.9573825;84.95376344
25.11.2012;112.6185104;85.46348602
26.11.2012;113.2942214;85.46348602
27.11.2012;112.2745735;85.12163208
28.11.2012;113.0604955;85.54724024
29.11.2012;114.0780399;85.80388196
30.11.2012;113.1654156;86.0612936
01.12.2012;114.2970698;85.45886455
02.12.2012;114.754258;85.03157023
03.12.2012;115.0985208;84.94653866
04.12.2012;114.6381267;85.03148519
05.12.2012;114.7527649;85.37161113
06.12.2012;114.4085066;85.54235436
07.12.2012;113.7220555;85.02910023
08.12.2012;114.745554;84.51892563
09.12.2012;115.6635185;84.60344456
10.12.2012;116.8201536;84.34963422
11.12.2012;116.4696932;84.60268312
12.12.2012;116.2367538;84.26427239
13.12.2012;117.0504111;84.09574385
14.12.2012;117.4015623;84.09574385
15.12.2012;117.0493576;84.43212682
16.12.2012;115.9959134;83.75666981
17.12.2012;115.5319297;84.59423651
18.12.2012;115.069802;83.91748261
19.12.2012;114.0341738;84.67273996
20.12.2012;113.6920713;84.67273996
21.12.2012;113.6920713;85.35012188
22.12.2012;113.4646871;85.26477176
23.12.2012;113.4646871;85.09424221
24.12.2012;112.3300403;85.51971342
25.12.2012;113.1163506;85.09211486
26.12.2012;112.3245361;85.85794389
27.12.2012;113.1108079;86.63066538
28.12.2012;112.3190322;86.45740405
29.12.2012;111.1958419;87.32197809
30.12.2012;110.8622544;87.14733414
31.12.2012;111.4165656;86.7987448
01.01.2013;111.6393988;86.0175561
02.01.2013;112.1975958;85.75950343
03.01.2013;113.3195717;84.9019084
04.01.2013;112.5263347;84.30759504
05.01.2013;113.3140191;84.72913301
06.01.2013;114.1072172;84.98332041
07.01.2013;113.7648955;85.49322033
08.01.2013;113.5373657;84.72378135
09.01.2013;114.559202;84.0459911
10.01.2013;114.1009652;84.88645101
11.01.2013;113.1881575;84.2073594
12.01.2013;112.5090286;84.96522564
13.01.2013;113.5216098;84.62536473
14.01.2013;113.4080882;84.45611401
15.01.2013;114.3153529;85.30067515
16.01.2013;113.6294608;85.13007379
17.01.2013;114.5384965;85.98137453
18.01.2013;114.7675735;85.98137453
19.01.2013;115.8004816;85.37950491
20.01.2013;116.2636836;85.80640244
21.01.2013;117.3100567;85.11995122
22.01.2013;118.2485372;84.69435146
23.01.2013;117.0660518;84.2708797
24.01.2013;117.6513821;83.59671267
25.01.2013;118.0043362;83.1787291
26.01.2013;119.1843796;83.84415893
27.01.2013;119.7803015;84.09569141
28.01.2013;118.9418393;84.01159572
29.01.2013;120.0123159;83.84357253
30.01.2013;119.7722913;84.43047754
31.01.2013;120.1316081;84.9370604
01.02.2013;120.6121346;85.10693452
02.02.2013;120.8533588;84.25586518
03.02.2013;120.2490921;83.66607412
04.02.2013;121.451583;83.0804116
05.02.2013;120.7228735;82.74808996
06.02.2013;119.7570905;81.92060906
07.02.2013;120.9546614;82.49405332
08.02.2013;119.8660694;82.65904143
09.02.2013;119.5064712;81.99776909
10.02.2013;120.2235101;82.16176463
11.02.2013;119.3819455;82.32608816
12.02.2013;118.307508;81.50282728
13.02.2013;117.2427404;82.1548499
14.02.2013;117.7117114;82.4834693
15.02.2013;118.6534051;82.15353542
16.02.2013;119.1280187;81.82492128
17.02.2013;120.3192989;81.74309636
18.02.2013;120.5599375;81.08915159
19.02.2013;121.524417;80.60261668
20.02.2013;120.5522216;80.36080883
21.02.2013;121.275535;79.63756155
22.02.2013;120.0627796;80.43393716
23.02.2013;120.6630935;80.5143711
24.02.2013;119.5771257;80.67539984
25.02.2013;118.6205087;80.67539984
26.02.2013;118.7391292;80.75607524
27.02.2013;118.62039;80.75607524
28.02.2013;118.0272881;80.67531917
01.03.2013;118.1453154;81.2400464
02.03.2013;118.8541873;80.67136608
03.03.2013;117.9033538;79.86465242
04.03.2013;116.8422236;80.18411103
05.03.2013;116.6085391;80.26429514
06.03.2013;117.658016;79.46165219
07.03.2013;118.5992801;80.25626871
08.03.2013;118.955078;79.69447483
09.03.2013;118.2413475;80.49141957
10.03.2013;119.3055196;80.08896248
11.03.2013;118.5896865;80.00887351
12.03.2013;119.4198143;79.4488114
13.03.2013;120.3751728;79.21046497
14.03.2013;121.3381742;79.3688859
15.03.2013;121.7021887;78.65456592
16.03.2013;121.8238909;78.57591136
17.03.2013;120.9711237;78.73306318
18.03.2013;121.9388927;79.52039381
19.03.2013;121.9388927;79.99751617
20.03.2013;121.573076;79.35753604
21.03.2013;122.1809414;79.27817851
22.03.2013;122.1809414;79.43673487
23.03.2013;121.6922176;79.99279201
24.03.2013;122.1789865;80.79271993
25.03.2013;122.5455234;81.11589081
26.03.2013;122.4229779;81.44035437
27.03.2013;123.4023617;81.68467544
28.03.2013;122.7853499;81.27625206
29.03.2013;123.7676327;80.95114705
30.03.2013;123.0250269;81.51780508
31.03.2013;123.394102;82.00691191
01.04.2013;123.8876784;82.33493956
02.04.2013;123.5160154;81.84092992
03.04.2013;124.7511755;81.84092992
04.04.2013;124.7511755;81.02252062
05.04.2013;124.1274197;80.86047558
06.04.2013;123.8791648;80.53703368
07.04.2013;123.7552857;80.37595961
08.04.2013;123.1365092;80.69746345
09.04.2013;121.9051441;80.29397613
10.04.2013;121.6613338;79.81221227
11.04.2013;122.2696405;79.01409015
12.04.2013;121.6582923;78.46099152
13.04.2013;122.1449255;77.83330359
14.04.2013;122.7556501;78.45597002
15.04.2013;123.1239171;78.7697939
16.04.2013;123.6164127;78.53348452
17.04.2013;122.3802486;78.14081709
18.04.2013;123.6040511;78.92222526
19.04.2013;122.8624268;79.00114749
20.04.2013;122.8624268;78.29013716
21.04.2013;122.7395644;78.3684273
22.04.2013;123.2305226;78.52516415
23.04.2013;123.1072921;78.05401317
24.04.2013;121.8762192;78.2101212
25.04.2013;121.1449619;77.42801998
26.04.2013;121.2661068;77.35059196
27.04.2013;121.7511712;77.35059196
28.04.2013;122.6034294;76.57708604
29.04.2013;122.7260329;76.57708604
30.04.2013;123.5851151;76.73024022
01.05.2013;124.6973811;76.73024022
02.05.2013;124.1985916;76.26985877
03.05.2013;125.4405775;76.80374779
04.05.2013;126.193221;76.26612155
05.05.2013;127.2027668;76.49491992
06.05.2013;126.8211585;76.49491992
07.05.2013;126.9479796;77.03038436
08.05.2013;125.8054478;76.3371109
09.05.2013;124.6731988;76.79513356
10.05.2013;124.5485256;76.56474816
11.05.2013;125.5449138;76.79444241
12.05.2013;124.7916443;76.87123685
13.05.2013;124.0428944;77.10185056
14.05.2013;124.4150231;76.4079339
15.05.2013;123.544118;75.7202625
16.05.2013;123.0499415;75.49310171
17.05.2013;122.6807917;75.1911293
18.05.2013;122.6807917;75.64227608
19.05.2013;123.7849188;75.79356063
20.05.2013;123.6611339;75.64197351
21.05.2013;122.6718448;75.9445414
22.05.2013;123.6532195;75.48887416
23.05.2013;122.5403406;76.09278515
24.05.2013;123.6432036;76.24497072
25.05.2013;123.3959172;77.00742043
26.05.2013;123.3959172;77.77749463
27.05.2013;122.6555417;78.55526958
28.05.2013;122.2875751;78.71238012
29.05.2013;122.7767254;78.55495536
30.05.2013;121.6717349;78.63351031
31.05.2013;120.5766893;78.24034276
01.06.2013;121.7824562;79.02274619
02.06.2013;123.0002807;79.25981443
03.06.2013;123.0002807;79.89389294
04.06.2013;124.2302835;79.65421126
05.06.2013;122.9879807;79.73386547
06.06.2013;123.6029206;79.97306707
07.06.2013;123.8501264;80.1330132
08.06.2013;123.1070257;80.77407731
09.06.2013;122.7377046;80.04711061
10.06.2013;123.4741308;80.52739328
11.06.2013;122.4863378;79.88317413
12.06.2013;122.8537968;79.48375826
13.06.2013;122.4852354;80.04014457
14.06.2013;121.260383;79.47986356
15.06.2013;122.4729869;80.11570247
16.06.2013;122.9628788;80.91685949
17.06.2013;122.7169531;80.35044147
18.06.2013;123.6986887;79.94868927
19.06.2013;124.9356756;79.86874058
20.06.2013;123.6863188;80.18821554
21.06.2013;123.0678872;80.66934483
22.06.2013;122.4525478;80.50800614
23.06.2013;122.2076427;79.78343409
24.06.2013;121.9632274;80.34191813
25.06.2013;122.2071539;79.53849895
26.06.2013;120.9850823;80.01572994
27.06.2013;120.6221271;80.73587151
28.06.2013;121.466482;81.46249435
29.06.2013;121.223549;80.8107944
30.06.2013;121.223549;81.37646996
01.07.2013;122.4357845;80.64408173
02.07.2013;122.6806561;80.80536989
03.07.2013;121.8218915;80.88617526
04.07.2013;120.7254944;81.29060614
05.07.2013;121.9327494;80.55899068
06.07.2013;120.9572874;80.47843169
07.07.2013;120.1105864;79.83460424
08.07.2013;119.630144;80.39344647
09.07.2013;120.1086646;79.66990545
10.07.2013;120.1086646;79.59023554
11.07.2013;120.3488819;79.43105507
12.07.2013;119.265742;79.43105507
13.07.2013;119.3850077;78.71617558
14.07.2013;120.2207028;79.26718881
15.07.2013;121.4229098;79.66352475
16.07.2013;121.0586411;80.06184237
17.07.2013;120.6954652;79.66153316
18.07.2013;120.4540742;79.34288703
19.07.2013;119.972258;78.78748682
20.07.2013;120.452147;78.55112436
21.07.2013;120.5725991;78.39402211
22.07.2013;121.2960347;78.55081016
23.07.2013;121.9025149;78.31515773
24.07.2013;122.390125;78.5501032
25.07.2013;123.6140262;78.07880258
26.07.2013;123.7376402;77.68840857
27.07.2013;123.118952;77.76609698
28.07.2013;122.7495952;78.07716136
29.07.2013;122.1358472;77.60869839
30.07.2013;121.2808963;77.91913319
31.07.2013;121.1596154;78.46456712
01.08.2013;120.7961365;78.38610255
02.08.2013;121.4001172;77.99417204
03.08.2013;120.7931166;78.22815456
04.08.2013;121.0347029;77.99347009
05.08.2013;122.2450499;77.75948968
06.08.2013;122.2450499;77.6039707
07.08.2013;122.611785;77.37115879
08.08.2013;121.6308908;76.82956068
09.08.2013;120.9011054;77.06004936
10.08.2013;120.417501;77.21416946
11.08.2013;120.0562485;76.98252695
12.08.2013;118.9757423;77.21347453
13.08.2013;118.8567665;76.82740716
14.08.2013;118.2624827;77.36519901
15.08.2013;117.9076952;76.82364262
16.08.2013;117.5539721;77.05411355
17.08.2013;117.0837563;76.8229512
18.08.2013;117.669175;76.5156594
19.08.2013;116.7278216;75.98004978
20.08.2013;115.6772712;75.44818944
21.08.2013;115.3302394;75.59908581
22.08.2013;115.9068906;75.44788764
23.08.2013;114.8637286;75.67423131
24.08.2013;115.4380473;75.97692823
25.08.2013;116.1306755;75.44508973
26.08.2013;117.1758516;75.44508973
27.08.2013;116.3556207;75.36964464
28.08.2013;115.6574869;74.69131784
29.08.2013;114.8478845;74.61662652
30.08.2013;114.6181888;75.21355954
31.08.2013;114.9620433;74.46142394
01.09.2013;114.8470813;73.94019397
02.09.2013;114.9619284;74.01413417
03.09.2013;116.1115476;74.0881483
04.09.2013;117.2726631;74.82902978
05.09.2013;116.6862998;74.08073949
06.09.2013;116.4529272;73.56217431
07.09.2013;117.3845506;73.34148779
08.09.2013;116.4454742;73.19480481
09.09.2013;116.6783652;73.41438923
10.09.2013;116.4450084;72.82707411
11.09.2013;115.3970034;72.24445752
12.09.2013;116.0893854;71.73874632
13.09.2013;115.7411172;71.23657509
14.09.2013;115.0466705;70.52420934
15.09.2013;114.3563905;70.73578197
16.09.2013;114.1276777;70.73578197
17.09.2013;114.8124438;70.38210306
18.09.2013;114.4680064;69.88942834
19.09.2013;113.5522624;70.30876491
20.09.2013;112.4167398;70.66030873
21.09.2013;113.3160737;70.30700719
22.09.2013;113.5427058;70.02577916
23.09.2013;113.2020777;70.44593384
24.09.2013;113.654886;70.30504197
25.09.2013;114.67778;70.51595709
26.09.2013;115.3658467;70.79802092
27.09.2013;115.135115;70.51482884
28.09.2013;114.6745745;70.16225469
29.09.2013;115.362622;70.79371499
30.09.2013;115.5933472;70.79371499
01.10.2013;115.4777539;71.14768356
02.10.2013;115.7087094;71.50342198
03.10.2013;116.1715442;71.43191856
04.10.2013;116.5200589;72.14623774
05.10.2013;115.5878984;72.50696893
06.10.2013;115.3567226;72.79699681
07.10.2013;115.1260091;72.8697938
08.10.2013;115.2411351;72.50544484
09.10.2013;116.1630642;72.14291761
10.10.2013;116.5115534;71.85434594
11.10.2013;117.3271343;72.14176332
12.10.2013;117.09248;71.92533803
13.10.2013;116.9753875;72.06918871
14.10.2013;116.1565598;72.28539628
15.10.2013;114.9949942;71.99625469
16.10.2013;114.5350143;72.42823222
17.10.2013;115.2222243;72.93522985
18.10.2013;114.530891;73.51871168
19.10.2013;113.8437057;73.0040807
20.10.2013;114.0713931;73.0040807
21.10.2013;114.1854645;72.34704398
22.10.2013;114.071279;72.49173806
23.10.2013;114.5275641;72.70921328
24.10.2013;114.8711468;73.07275934
25.10.2013;113.8373065;72.85354107
26.10.2013;113.1542826;72.1978592
27.10.2013;113.0411284;71.62027632
28.10.2013;113.4932929;71.90675743
29.10.2013;114.2877459;72.19438446
30.10.2013;115.0877601;72.12219007
31.10.2013;114.1670581;71.97794569
01.11.2013;115.3087286;72.33783542
02.11.2013;116.3465072;71.97614624
03.11.2013;115.8811212;72.19207468
04.11.2013;114.8381911;72.55303506
05.11.2013;115.8717348;72.04516381
06.11.2013;115.4082479;72.18925414
07.11.2013;114.4849819;72.11706489
08.11.2013;115.0574068;71.4680113
09.11.2013;114.0218901;71.25360727
10.11.2013;114.135912;70.89733923
11.11.2013;114.5924557;71.25182593
12.11.2013;113.4465311;71.96434419
13.11.2013;113.6734242;71.46059378
14.11.2013;114.0144444;72.17519971
15.11.2013;114.2424733;71.88649892
16.11.2013;114.4709583;71.81461242
17.11.2013;114.2420164;71.45553936
18.11.2013;113.0995962;70.8124395
19.11.2013;111.9686002;71.1665017
20.11.2013;111.2967886;70.81066919
21.11.2013;111.0741951;70.31499451
22.11.2013;111.2963434;69.82278954
23.11.2013;111.2963434;69.33403002
24.11.2013;111.9641215;68.77935778
25.11.2013;112.411978;69.32959264
26.11.2013;113.4236858;69.88422938
27.11.2013;112.62972;69.32515555
28.11.2013;111.6160525;69.60245617
29.11.2013;110.9463562;70.15927582
30.11.2013;111.9448734;70.01895727
01.12.2013;111.8329285;70.01895727
02.12.2013;112.1684273;69.80890039
03.12.2013;112.5049326;70.3673716
04.12.2013;112.0549129;70.15626948
05.12.2013;111.1584736;70.64736337
06.12.2013;110.8249981;71.21254228
07.12.2013;111.2682981;71.63981753
08.12.2013;112.3809811;71.13833881
09.12.2013;112.2686001;71.13833881
10.12.2013;112.3808687;71.63630718
11.12.2013;113.055154;71.77957979
12.12.2013;113.1682091;72.28203685
13.12.2013;112.036527;72.49888296
14.12.2013;111.0281983;73.07887402
15.12.2013;111.2502547;73.44426839
16.12.2013;110.4715029;73.29737986
17.12.2013;110.6924459;72.93089296
18.12.2013;111.5779855;72.20158403
19.12.2013;111.6895634;72.85139829
20.12.2013;110.7960469;73.14280388
21.12.2013;111.3500272;72.92337547
22.12.2013;111.5727272;72.33998846
23.12.2013;111.3495818;72.48466844
24.12.2013;111.1268826;72.04976043
25.12.2013;111.9047708;72.62615851
26.12.2013;111.9047708;72.91666315
27.12.2013;113.0238185;72.33332984
28.12.2013;112.1196279;72.76732982
29.12.2013;112.9044653;73.27670113
30.12.2013;112.0012296;73.86291474
31.12.2013;112.1132308;73.12428559
01.01.2014;112.3374573;72.83178845
02.01.2014;111.4387577;73.26877918
03.01.2014;112.5531452;72.60936017
04.01.2014;112.2154858;73.26284441
05.01.2014;113.3376407;73.99547285
06.01.2014;113.7909912;74.36545022
07.01.2014;114.8151101;73.77052662
08.01.2014;115.9632612;73.9918382
09.01.2014;115.2674817;73.84385452
10.01.2014;114.2300743;73.47463525
11.01.2014;114.4585345;73.18073671
12.01.2014;113.4284077;72.74165228
13.01.2014;112.7478372;72.52342733
14.01.2014;113.4243242;72.01576334
15.01.2014;113.8780215;72.30382639
16.01.2014;113.6502655;71.87000343
17.01.2014;113.422965;72.58870347
18.01.2014;114.1035028;72.87905828
19.01.2014;113.9893993;72.73330016
20.01.2014;114.9013145;72.87876676
21.01.2014;114.4417092;72.73300923
22.01.2014;114.3272675;72.00567914
23.01.2014;115.3562129;71.86166778
24.01.2014;116.1637064;72.36469945
25.01.2014;116.1637064;72.50942885
26.01.2014;115.118233;72.21939114
27.01.2014;115.8089424;72.14717175
28.01.2014;116.2721782;72.07502457
29.01.2014;117.2023556;71.35427433
30.01.2014;118.0227721;71.49698288
31.01.2014;117.550681;71.63997684
01.02.2014;118.4910865;71.35341694
02.02.2014;119.202033;70.99664985
03.02.2014;118.1292147;70.99664985
04.02.2014;118.6017316;71.6356197
05.02.2014;119.1947402;71.42071284
06.02.2014;119.0755455;71.99207854
07.02.2014;119.0755455;71.63211815
08.02.2014;118.7183188;71.05906121
09.02.2014;118.7183188;70.77482496
10.02.2014;119.3119104;70.35017601
11.02.2014;118.9539747;69.71702443
12.02.2014;119.6676985;70.34447765
13.02.2014;119.1890277;70.76654451
14.02.2014;119.5465948;70.20041216
15.02.2014;120.6225142;70.34081298
16.02.2014;120.0194016;70.83319867
17.02.2014;119.2992852;70.62069908
18.02.2014;119.2992852;71.11504397
19.02.2014;118.4641902;71.61284928
20.02.2014;119.0565112;70.89672078
21.02.2014;119.7708502;70.75492734
22.02.2014;119.8906211;70.33039778
23.02.2014;120.4900742;69.83808499
24.02.2014;119.7671337;69.55873265
25.02.2014;118.9287638;70.04564378
26.02.2014;118.0962625;69.69541556
27.02.2014;117.0333961;68.99846141
28.02.2014;116.5652625;68.92946295
01.03.2014;115.8658709;69.34303972
02.03.2014;114.7072122;68.85763845
03.03.2014;114.1336762;69.06421136
04.03.2014;114.0195425;69.34046821
05.03.2014;114.5896402;69.1324468
06.03.2014;114.016692;69.61637393
07.03.2014;113.3325918;69.75560668
08.03.2014;112.9925941;69.19756182
09.03.2014;112.5406237;69.26675939
10.03.2014;112.2030018;68.64335855
11.03.2014;111.8663928;68.84928863
12.03.2014;110.8595953;68.16079574
13.03.2014;111.5247529;67.54734858
14.03.2014;111.6362776;66.87187509
15.03.2014;111.6362776;66.67125947
16.03.2014;112.0828227;67.33797206
17.03.2014;111.6344914;67.20329612
18.03.2014;112.3042984;67.13609282
19.03.2014;112.6412113;67.47177329
20.03.2014;111.6274404;68.14649102
21.03.2014;111.7390678;67.60131909
22.03.2014;111.9625459;68.27733228
23.03.2014;112.5223587;68.55044161
24.03.2014;111.7347022;68.2076894
25.03.2014;112.4051104;67.5938202
26.03.2014;112.067895;67.39103874
27.03.2014;111.3954877;66.78451939
28.03.2014;111.1726967;67.05165747
29.03.2014;110.5056605;67.25281244
30.03.2014;109.5111096;67.25281244
31.03.2014;110.4967096;66.58028432
01.04.2014;111.3806832;65.91448147
02.04.2014;112.2717287;65.25533666
03.04.2014;112.6085439;65.90789002
04.04.2014;112.833761;66.43515314
05.04.2014;113.8492648;66.90019922
06.04.2014;114.5323604;66.83329902
07.04.2014;113.3870368;67.16746551
08.04.2014;114.1807461;67.03313058
09.04.2014;114.6374691;67.10016371
10.04.2014;115.0960189;67.36856437
11.04.2014;114.8658269;67.5033015
12.04.2014;114.9806927;67.5033015
13.04.2014;114.2908086;68.04332791
14.04.2014;114.1765178;68.31550122
15.04.2014;114.6332238;68.17887022
16.04.2014;114.8624903;67.97433361
17.04.2014;115.7813902;68.58610261
18.04.2014;116.1287344;68.58610261
19.04.2014;116.3609918;69.27196363
20.04.2014;116.9427968;69.61832345
21.04.2014;118.1122248;70.17527004
22.04.2014;118.5846737;69.61386788
23.04.2014;119.4147664;69.54425401
24.04.2014;118.578863;69.68334252
25.04.2014;118.1045476;70.3104926
26.04.2014;117.6321294;69.67769817
27.04.2014;118.1026579;69.32930968
28.04.2014;117.2759393;68.70534589
29.04.2014;117.1586633;68.70534589
30.04.2014;118.0959326;68.08699778
01.05.2014;119.158796;68.29125877
02.05.2014;119.0396372;67.60834618
03.05.2014;119.8729147;67.67595453
04.05.2014;119.7530418;67.54060262
05.05.2014;120.8308192;67.0678184
06.05.2014;121.4349733;66.59834367
07.05.2014;122.406453;66.39854864
08.05.2014;122.406453;66.79693993
09.05.2014;121.5496079;67.46490933
10.05.2014;121.0634094;66.79026024
11.05.2014;122.0319167;66.58988946
12.05.2014;122.0319167;66.3235299
13.05.2014;122.5200444;66.12455931
14.05.2014;122.2750043;65.86006108
15.05.2014;121.0522543;65.59662083
16.05.2014;122.2627768;66.1213938
17.05.2014;122.2627768;65.46017986
18.05.2014;122.3850396;65.91840112
19.05.2014;122.1402695;65.98431952
20.05.2014;121.6517084;65.5884136
21.05.2014;121.1651016;65.45723678
22.05.2014;122.3767526;65.3263223
23.05.2014;122.2543758;64.80371172
24.05.2014;122.3766302;64.47969316
25.05.2014;121.5199938;63.83489623
26.05.2014;121.1554338;63.77106134
27.05.2014;120.4285012;64.21745877
28.05.2014;120.0672157;64.02480639
29.05.2014;118.8665436;63.96078158
30.05.2014;119.9363425;63.44909533
31.05.2014;118.8569154;64.02013719
01.06.2014;117.6683462;64.53229829
02.06.2014;116.6093311;64.59683058
03.06.2014;117.5422058;65.0490084
04.06.2014;118.4825434;65.30920443
05.06.2014;119.1934387;65.37451364
06.06.2014;118.478278;65.24376461
07.06.2014;117.6489301;65.4394959
08.06.2014;116.5900897;65.30861691
09.06.2014;117.2896303;65.04738244
10.06.2014;118.1106577;65.24252459
11.06.2014;116.9295511;65.76446479
12.06.2014;117.7480579;66.02752265
13.06.2014;116.6883254;65.43327494
14.06.2014;115.9881955;64.97524202
15.06.2014;117.0320892;64.58539057
16.06.2014;116.4469288;64.77914674
17.06.2014;116.5633757;65.16782162
18.06.2014;117.262756;65.23298944
19.06.2014;116.9109677;65.55915439
20.06.2014;115.97568;65.49359523
21.06.2014;117.0194611;65.29711445
22.06.2014;117.3705195;65.88478848
23.06.2014;117.3705195;65.95067327
24.06.2014;118.4268541;66.28042663
25.06.2014;119.4926958;66.87695047
26.06.2014;119.4926958;66.20818097
27.06.2014;119.3732031;65.81093188
28.06.2014;118.2988443;65.81093188
29.06.2014;118.4171431;66.40323027
30.06.2014;118.0618917;66.00481089
01.07.2014;117.2354585;66.40083975
02.07.2014;117.9388712;65.80323219
03.07.2014;117.1132991;66.32965805
04.07.2014;116.5277326;65.86535045
05.07.2014;116.2946772;66.52400395
06.07.2014;115.7132038;66.32443194
07.07.2014;116.0603434;66.25810751
08.07.2014;116.9888261;65.59552643
09.07.2014;118.1587144;65.5299309
10.07.2014;117.6860795;65.07122139
11.07.2014;117.0976491;64.68079406
12.07.2014;116.3950632;64.68079406
13.07.2014;117.2098287;65.327602
14.07.2014;116.6237795;65.13161919
15.07.2014;116.1572844;65.19675081
16.07.2014;116.7380709;65.58793132
17.07.2014;116.1543805;65.91587098
18.07.2014;116.8513068;65.78403923
19.07.2014;117.318712;66.11295943
20.07.2014;116.2628436;65.45182984
21.07.2014;116.8441578;64.86276337
22.07.2014;116.7273137;64.86276337
23.07.2014;117.7778595;65.18707718
24.07.2014;118.4845266;65.57819965
25.07.2014;117.7736195;65.57819965
26.07.2014;118.8335821;66.16840344
27.07.2014;119.3089164;65.70522462
28.07.2014;119.3089164;65.63951939
29.07.2014;119.4282253;65.70515891
30.07.2014;118.8310842;65.44233828
31.07.2014;118.4745909;65.44233828
01.08.2014;118.2376417;65.76954997
02.08.2014;117.173503;65.76954997
03.08.2014;117.173503;66.09839772
04.08.2014;117.40785;65.63570894
05.08.2014;117.1730343;65.57007323
06.08.2014;116.352823;65.6356433
07.08.2014;116.4691759;65.96382152
08.08.2014;116.0032991;66.09574916
09.08.2014;116.9313255;66.02965341
10.08.2014;116.5805316;66.22774237
11.08.2014;115.7644678;65.9628314
12.08.2014;115.8802323;65.56705441
13.08.2014;115.6484718;65.37035325
14.08.2014;116.4580111;65.69720502
15.08.2014;115.7592631;66.09138825
16.08.2014;116.2223001;66.22357102
17.08.2014;116.570967;65.76000603
18.08.2014;115.7549703;66.28608607
19.08.2014;115.2919504;65.62322521
20.08.2014;114.3696148;65.42635554
21.08.2014;115.5133109;65.16465011
22.08.2014;115.8598509;65.03432081
23.08.2014;116.3232903;64.96928649
24.08.2014;116.4396136;65.48904079
25.08.2014;115.391657;66.14393119
26.08.2014;115.9686153;65.54863581
27.08.2014;116.0845839;66.00747626
28.08.2014;117.0132606;65.87546131
29.08.2014;115.843128;66.33658954
30.08.2014;115.6114417;66.66827249
31.08.2014;116.5363333;66.26826285
01.09.2014;117.5851603;66.79840896
02.09.2014;116.8796493;66.86520736
03.09.2014;116.1783714;67.06580299
04.09.2014;115.8298363;67.3340662
05.09.2014;116.2931557;66.9300618
06.09.2014;116.6420351;66.9300618
07.09.2014;116.9919612;66.72927162
08.09.2014;115.8220416;67.06291797
09.09.2014;116.6327959;67.12998089
10.09.2014;116.1662647;66.59294105
11.09.2014;115.2369346;66.1933834
12.09.2014;114.7759869;66.06099663
13.09.2014;115.6941948;66.19311863
14.09.2014;114.8843354;66.06073239
15.09.2014;113.8503764;66.52315751
16.09.2014;113.5088252;66.32358804
17.09.2014;114.6439135;66.38991163
18.09.2014;115.1024892;66.45630154
19.09.2014;114.1816692;66.45630154
20.09.2014;115.0951226;67.12086456
21.09.2014;116.2460738;67.18798542
22.09.2014;115.4323513;67.32236139
23.09.2014;114.9706219;66.91842722
24.09.2014;116.0053575;67.45377464
25.09.2014;116.5853843;67.04905199
26.09.2014;116.9351404;66.84790484
27.09.2014;116.3504647;66.71420903
28.09.2014;117.3976189;66.84763745
29.09.2014;118.5715951;67.44926618
30.09.2014;117.6230223;67.98886031
01.10.2014;116.4467921;68.32880461
02.10.2014;116.2138985;68.0554894
03.10.2014;116.3301124;68.19160038
04.10.2014;115.2831414;68.73713318
05.10.2014;114.8220089;68.59965891
06.10.2014;115.1664749;68.73685823
07.10.2014;114.2451431;68.53064765
08.10.2014;114.1308979;68.53064765
09.10.2014;114.5874215;68.7362396
10.10.2014;114.1290718;68.66750336
11.10.2014;113.3301683;68.53016835
12.10.2014;114.2368097;68.73575886
13.10.2014;115.1507042;69.35438069
14.10.2014;116.0719098;68.79954564
15.10.2014;115.2594064;68.11155018
16.10.2014;115.2594064;67.83910398
17.10.2014;114.2220718;67.90694309
18.10.2014;115.3642925;68.2464778
19.10.2014;116.1718425;67.90524541
20.10.2014;116.1718425;67.36200345
21.10.2014;115.7071552;67.90089948
22.10.2014;116.4013981;68.37620577
23.10.2014;117.4490107;68.7180868
24.10.2014;116.6268676;69.33654958
25.10.2014;116.6268676;69.47522268
26.10.2014;117.7931363;70.03102447
27.10.2014;118.4998951;70.10105549
28.10.2014;119.0923946;69.54024705
29.10.2014;119.6878566;69.54024705
30.10.2014;119.4484808;69.05346532
31.10.2014;119.0901354;69.19157225
01.11.2014;120.0428565;69.60672168
02.11.2014;119.5626851;69.04986791
03.11.2014;118.3670582;68.91176817
04.11.2014;118.2486911;68.42938579
05.11.2014;117.1844529;68.08723887
06.11.2014;118.239113;68.56384954
07.11.2014;117.0567219;68.97523263
08.11.2014;117.2908353;69.3201088
09.11.2014;117.525417;70.01330989
10.11.2014;116.8202645;69.73325665
11.11.2014;117.7548266;70.08192293
12.11.2014;117.8725814;70.01184101
13.11.2014;118.2261992;70.29188837
14.11.2014;118.3444254;69.94042893
15.11.2014;117.8710477;69.59072678
16.11.2014;119.0497581;69.31236388
17.11.2014;118.4545094;68.89648969
18.11.2014;117.5068733;69.44766161
19.11.2014;116.801832;69.37821395
20.11.2014;116.5682284;70.00261788
21.11.2014;116.6847966;69.93261526
22.11.2014;117.5015902;69.72281741
23.11.2014;118.3241013;70.21087713
24.11.2014;118.7973977;70.70235327
25.11.2014;119.9853717;70.91446033
26.11.2014;119.0254887;70.27623019
27.11.2014;118.4303613;70.34650642
28.11.2014;118.1935006;71.04997148
29.11.2014;118.5480811;71.19207143
30.11.2014;119.7335619;71.54803178
01.12.2014;119.3743612;71.76267588
02.12.2014;120.2099817;71.61915053
03.12.2014;121.2918715;71.54753138
04.12.2014;120.4428284;70.9036036
05.12.2014;120.0815;70.54908558
06.12.2014;120.4417445;70.05524198
07.12.2014;121.1643949;69.56485528
08.12.2014;120.1950798;69.703985
09.12.2014;120.9162502;70.33132086
10.12.2014;121.5208315;70.96430275
11.12.2014;121.6423523;70.89333845
12.12.2014;122.3722064;71.03512512
13.12.2014;122.6169509;71.2482305
14.12.2014;123.5978865;71.39072696
15.12.2014;123.7214843;71.60489914
16.12.2014;122.855434;71.17526974
17.12.2014;123.1011448;70.60586759
18.12.2014;121.8701334;71.02950279
19.12.2014;122.7232243;70.53229627
20.12.2014;123.5822869;70.32069938
21.12.2014;124.5709452;69.89877519
22.12.2014;124.1972323;69.75897764
23.12.2014;122.95526;69.34042377
24.12.2014;122.7093495;69.61778547
25.12.2014;122.0958027;69.26969654
26.12.2014;122.8283776;69.06188745
27.12.2014;121.6000938;68.99282556
28.12.2014;122.3296944;69.19980404
29.12.2014;121.9627053;69.68420267
30.12.2014;122.6944815;70.03262368
31.12.2014;122.3263981;70.66291729
01.01.2015;122.6933772;70.45092854
02.01.2015;123.4295375;70.0986739
03.01.2015;124.0466852;70.44916727
04.01.2015;124.6669186;70.51961644
05.01.2015;125.0409194;71.08377337
06.01.2015;126.2913286;71.01268959
07.01.2015;126.9227852;70.44458808
08.01.2015;126.9227852;70.02192055
09.01.2015;128.0650903;70.02192055
10.01.2015;129.089611;70.02192055
11.01.2015;130.3805071;70.37203015
12.01.2015;130.5108876;70.23128609
13.01.2015;129.7278223;70.51221123
14.01.2015;129.4683667;69.94811355
15.01.2015;128.5620881;69.59837298
16.01.2015;127.9192776;69.18078274
17.01.2015;127.6634391;69.66504822
18.01.2015;127.0251219;69.80437832
19.01.2015;128.168348;69.66476956
20.01.2015;127.1430012;69.8040991
21.01.2015;126.1258572;69.17586221
22.01.2015;126.8826123;69.38338979
23.01.2015;126.7557297;70.0078403
24.01.2015;126.2487068;69.6578011
25.01.2015;125.743712;69.7274589
26.01.2015;124.6120186;69.93664128
27.01.2015;125.3596907;70.56607105
28.01.2015;126.2372085;70.07210855
29.01.2015;126.6159201;70.70275753
30.01.2015;126.2360724;70.13713547
31.01.2015;126.4885445;69.43576411
01.02.2015;126.2355674;70.13012175
02.02.2015;125.8568607;69.49895066
03.02.2015;124.9758627;69.49895066
04.02.2015;126.2256213;70.05494226
05.02.2015;125.342042;70.54532686
06.02.2015;124.3393057;70.19260023
07.02.2015;124.7123236;70.82433363
08.02.2015;125.4605975;70.89515796
09.02.2015;124.9587551;70.46978701
10.02.2015;123.7091676;70.96307552
11.02.2015;124.8225501;70.89211245
12.02.2015;124.572905;71.60103357
13.02.2015;124.1991863;71.74423564
14.02.2015;125.1927798;71.02679328
15.02.2015;124.8172014;71.59500763
16.02.2015;123.6938466;71.88138766
17.02.2015;124.9307851;72.2407946
18.02.2015;124.1812004;72.31303539
19.02.2015;124.0570192;71.73453111
20.02.2015;123.18862;71.73453111
21.02.2015;124.2973176;72.38014189
22.02.2015;125.0431015;72.09062132
23.02.2015;125.668317;71.87434946
24.02.2015;125.5426487;72.44934425
25.02.2015;125.2915634;73.02893901
26.02.2015;125.7927297;72.95591007
27.02.2015;126.1701079;72.22635097
28.02.2015;126.8009584;72.44303002
01.03.2015;127.942167;72.08081487
02.03.2015;128.1980513;72.00873405
03.03.2015;128.5826455;72.58480393
04.03.2015;129.6113067;73.16548236
05.03.2015;129.740918;73.8239717
06.03.2015;129.6111771;73.38102787
07.03.2015;130.0000106;73.89469506
08.03.2015;129.8700106;74.48585263
09.03.2015;129.4804005;75.00725359
10.03.2015;128.8329985;74.25718106
11.03.2015;128.8329985;74.70272414
12.03.2015;128.7041655;74.10510235
13.03.2015;127.4171239;74.03099725
14.03.2015;126.3977869;73.36471827
15.03.2015;127.0297758;73.65817715
16.03.2015;127.4108652;73.43720261
17.03.2015;127.538276;73.65751422
18.03.2015;127.2831995;74.02580179
19.03.2015;127.0286331;74.4699566
20.03.2015;126.1394326;74.54442656
21.03.2015;125.5087355;74.24624886
22.03.2015;125.0067005;73.94926386
23.03.2015;125.1317072;73.35766975
24.03.2015;125.8824975;73.13759674
25.03.2015;125.1272025;72.77190876
26.03.2015;125.5025841;72.11696158
27.03.2015;125.3770815;72.62178031
28.03.2015;125.3770815;72.33129319
29.03.2015;125.0009503;72.25896189
30.03.2015;124.2509446;71.96992605
31.03.2015;124.6236974;71.32219671
01.04.2015;124.6236974;71.6074855
02.04.2015;124.8729448;71.24944807
03.04.2015;124.7480719;71.24944807
04.04.2015;125.2470641;70.60820304
05.04.2015;124.7460759;69.97272921
06.04.2015;123.9975994;70.60248377
07.04.2015;123.1296162;71.30850861
08.04.2015;121.8983201;71.52243414
09.04.2015;121.8983201;71.30786684
10.04.2015;122.7516083;71.5930983
11.04.2015;123.9791244;71.6646914
12.04.2015;123.607187;70.94804449
13.04.2015;123.2363655;70.30951209
14.04.2015;123.6060746;70.09858355
15.04.2015;123.8532867;70.58927363
16.04.2015;123.4817268;71.2245771
17.04.2015;123.7286903;71.08212794
18.04.2015;122.8625895;71.57970284
19.04.2015;123.4769024;72.15234046
20.04.2015;123.1064717;71.43081706
21.04.2015;122.3678329;71.78797114
22.04.2015;122.0007294;72.21869897
23.04.2015;122.7327338;71.78538678
24.04.2015;123.5918629;72.2160991
25.04.2015;124.2098222;71.49393811
26.04.2015;123.5887731;71.13646841
27.04.2015;122.7236517;70.56737667
28.04.2015;121.7418625;70.42624191
29.04.2015;122.1070881;69.93325822
30.04.2015;122.1070881;70.35285777
01.05.2015;122.2291951;70.1417992
02.05.2015;122.5958827;69.7209484
03.05.2015;122.350691;69.65122745
04.05.2015;122.717743;69.23332009
05.05.2015;121.8587188;69.57948669
06.05.2015;120.8838491;69.30116874
07.05.2015;120.2794298;69.57837342
08.05.2015;119.196915;69.99584366
09.05.2015;119.4353088;70.27582703
10.05.2015;120.6296619;69.9244479
11.05.2015;120.1471432;69.85452345
12.05.2015;120.3874375;69.50525083
13.05.2015;121.1097622;69.92228234
14.05.2015;122.0786403;70.62150516
15.05.2015;122.9331907;70.97461269
16.05.2015;122.6873244;71.25851114
17.05.2015;123.1780737;71.61480369
18.05.2015;123.793964;71.47157408
19.05.2015;122.6798183;71.11421621
20.05.2015;122.8024982;71.25644465
21.05.2015;121.8200782;71.96900909
22.05.2015;120.9673376;72.47279216
23.05.2015;121.814109;73.19752008
24.05.2015;122.3013654;72.90473
25.05.2015;122.3013654;73.12344419
26.05.2015;121.9344613;72.68470352
27.05.2015;122.7880026;73.12081174
28.05.2015;122.6652146;73.70577824
29.05.2015;123.1558754;74.22171869
30.05.2015;122.1706284;74.59282728
31.05.2015;121.315434;75.1895699
01.06.2015;121.6793803;74.58805334
02.06.2015;121.9227391;74.51346529
03.06.2015;121.1912026;74.14089796
04.06.2015;120.7064378;73.39948898
05.06.2015;119.4993735;72.81229307
06.06.2015;119.7383722;72.73948077
07.06.2015;120.9357559;72.01208597
08.06.2015;121.4194989;72.3721464
09.06.2015;122.1480159;71.86554137
10.06.2015;122.1480159;71.86554137
11.06.2015;122.636608;71.93740691
12.06.2015;122.2686982;71.72159469
13.06.2015;121.1682799;71.29126512
14.06.2015;120.4412702;71.50513892
15.06.2015;120.2003877;71.07610809
16.06.2015;119.2387846;70.93395587
17.06.2015;118.8810682;70.43741818
18.06.2015;118.9999493;70.5078556
19.06.2015;119.4759491;69.80277704
20.06.2015;119.1175212;70.29139648
21.06.2015;120.1895789;70.22110508
22.06.2015;120.9107164;69.94022066
23.06.2015;121.6361807;69.87028044
24.06.2015;122.8525425;69.24144792
25.06.2015;121.7468696;68.54903344
26.06.2015;120.8946415;68.34338634
27.06.2015;120.8946415;68.48007311
28.06.2015;120.8946415;68.20615282
29.06.2015;121.0155362;67.6605036
30.06.2015;121.3785828;68.13412712
01.07.2015;121.2572042;67.92972474
02.07.2015;121.0146898;67.45421667
03.07.2015;122.2248367;67.38676245
04.07.2015;121.980387;67.58892274
05.07.2015;122.7122693;67.92686735
06.07.2015;123.0804062;68.60613603
07.07.2015;122.4650041;68.40031762
08.07.2015;121.7302141;68.81071952
09.07.2015;120.6346422;69.15477312
10.07.2015;120.031469;69.01646357
11.07.2015;118.8311543;69.43056236
12.07.2015;117.9993362;69.29170123
13.07.2015;117.4093395;69.56886804
14.07.2015;117.7615675;69.91671238
15.07.2015;117.4082828;69.42729539
16.07.2015;117.5256911;69.91328646
17.07.2015;117.5256911;70.26285289
18.07.2015;116.9380627;70.5439043
19.07.2015;115.768682;71.17879944
20.07.2015;114.7267639;70.96526304
21.07.2015;114.0384033;71.24912409
22.07.2015;113.8103265;71.89036621
23.07.2015;113.0136542;71.17146255
24.07.2015;113.2396815;71.59849132
25.07.2015;114.145599;71.95648378
26.07.2015;113.1182886;72.24430972
27.07.2015;112.100224;72.02757679
28.07.2015;111.4276226;71.59541133
29.07.2015;110.9819122;71.02264803
30.07.2015;110.4270026;70.5254895
31.07.2015;110.3165756;70.10233656
01.08.2015;109.5443596;70.59305292
02.08.2015;110.3111701;70.1694946
03.08.2015;109.5389919;69.81864713
04.08.2015;108.8817579;70.02810307
05.08.2015;109.9705755;69.67796255
06.08.2015;110.8503401;69.9566744
07.08.2015;111.5154422;69.39702101
08.08.2015;111.2924113;69.74400611
09.08.2015;110.8472416;70.37170217
10.08.2015;111.7340196;70.37170217
11.08.2015;112.7396257;69.80872855
12.08.2015;112.7396257;69.32006745
13.08.2015;113.3033239;69.11210725
14.08.2015;114.2097505;69.80322832
15.08.2015;114.7807992;69.66362186
16.08.2015;114.321676;69.10631289
17.08.2015;113.5214243;68.76078133
18.08.2015;112.8402957;68.27945586
19.08.2015;111.8247331;67.93805858
20.08.2015;112.6075062;68.00599664
21.08.2015;112.8327212;67.32593667
22.08.2015;113.2840521;67.05663292
23.08.2015;114.4168926;66.65429312
24.08.2015;114.9889771;67.25418176
25.08.2015;114.2990432;67.59045267
26.08.2015;115.4420337;67.72563358
27.08.2015;115.6729177;68.19971301
28.08.2015;116.713974;67.51771588
29.08.2015;115.7802622;67.45019817
30.08.2015;115.6644819;67.04549698
31.08.2015;114.6235016;66.91140598
01.09.2015;113.9357606;67.58052004
02.09.2015;112.9103387;67.58052004
03.09.2015;113.8136214;67.31019796
04.09.2015;113.0169261;67.51212856
05.09.2015;114.1470954;67.57964069
06.09.2015;114.8319779;68.12027781
07.09.2015;115.9802977;67.98403725
08.09.2015;115.4003962;67.37218092
09.09.2015;115.7465974;67.97853055
10.09.2015;116.441077;68.38640173
11.09.2015;116.9068413;67.90769692
12.09.2015;116.9068413;68.2472354
13.09.2015;117.3744687;68.11074093
14.09.2015;117.8439665;67.83829797
15.09.2015;118.9045622;67.90613627
16.09.2015;119.6179896;67.63451172
17.09.2015;119.6179896;67.90504977
18.09.2015;119.6179896;67.90504977
19.09.2015;120.8141695;68.17666997
20.09.2015;122.0223112;68.17666997
21.09.2015;122.0223112;68.38119998
22.09.2015;122.2663558;68.51796238
23.09.2015;121.4104913;68.99758811
24.09.2015;120.3177969;68.514605
25.09.2015;119.1146189;68.37757579
26.09.2015;119.5910774;68.85621882
27.09.2015;119.9498507;68.71850638
28.09.2015;120.7894996;68.44363236
29.09.2015;121.1518681;69.05962505
30.09.2015;120.0615013;69.05962505
01.10.2015;120.7818703;68.99056542
02.10.2015;121.989689;69.19753712
03.10.2015;122.3556581;68.85154943
04.10.2015;121.4991685;68.30073704
05.10.2015;121.0131718;67.75433114
06.10.2015;120.8921586;67.34780515
07.10.2015;120.6503743;67.54984857
08.10.2015;120.6503743;67.48229872
09.10.2015;121.1329758;67.41481642
10.10.2015;121.7386407;68.08896459
11.10.2015;121.2516861;67.81660873
12.10.2015;121.6154412;67.47752568
13.10.2015;121.2505949;68.15230094
14.10.2015;121.3718454;68.62936705
15.10.2015;121.0077299;69.10977262
16.10.2015;120.8867222;69.24799216
17.10.2015;121.0076089;68.83250421
18.10.2015;121.4916393;68.41950918
19.10.2015;120.8841811;67.94057262
20.10.2015;120.2797602;68.00851319
21.10.2015;119.7986412;67.32842806
22.10.2015;119.3194466;66.92445749
23.10.2015;119.3194466;67.32600424
24.10.2015;119.5580855;67.99926428
25.10.2015;119.0798532;68.13526281
26.10.2015;119.6752524;68.61220965
27.10.2015;120.1539535;68.81804628
28.10.2015;120.6345693;68.74922823
29.10.2015;120.7552038;69.02422514
30.10.2015;120.272183;69.36934627
31.10.2015;120.272183;68.95313019
01.11.2015;119.0694612;69.09103645
02.11.2015;120.2601558;69.02194541
03.11.2015;119.1778144;68.67683569
04.11.2015;118.7011031;69.22625037
05.11.2015;117.8701954;69.50315537
06.11.2015;118.5774166;68.87762698
07.11.2015;119.6446133;69.01538223
08.11.2015;119.764258;68.60128994
09.11.2015;120.722372;69.01289768
10.11.2015;120.8430944;69.42697506
11.11.2015;121.8098391;69.98239086
12.11.2015;121.3225998;70.54224999
13.11.2015;121.4439224;70.33062324
14.11.2015;120.2294832;70.33062324
15.11.2015;120.3497127;71.03392947
16.11.2015;121.0718109;70.96289554
17.11.2015;120.2243083;71.31771002
18.11.2015;121.1861027;70.88980376
19.11.2015;120.2166139;70.32268533
20.11.2015;119.254881;70.67429876
21.11.2015;118.7778615;70.67429876
22.11.2015;118.5403057;70.53295016
23.11.2015;119.1330073;70.53295016
24.11.2015;118.5373422;70.32135131
25.11.2015;117.8261182;69.8994232
26.11.2015;118.1795965;69.34022782
27.11.2015;117.1159802;69.40956804
28.11.2015;116.9988642;69.96484459
29.11.2015;118.1688528;69.54505552
30.11.2015;118.2870217;69.96232585
01.12.2015;119.4698919;69.8224012
02.12.2015;120.6645908;69.962046
03.12.2015;120.302597;70.03200805
04.12.2015;119.5807815;69.96197604
05.12.2015;119.4612007;70.17186197
06.12.2015;119.9390455;69.68065894
07.12.2015;119.0994722;69.7503396
08.12.2015;118.3848753;69.88984027
09.12.2015;117.792951;69.54039107
10.12.2015;118.2641228;69.54039107
11.12.2015;117.1997456;69.60993146
12.12.2015;116.2621477;70.30603078
13.12.2015;115.2157884;70.30603078
14.12.2015;114.7549252;69.60297047
15.12.2015;115.9024745;68.97654374
16.12.2015;116.1342794;69.66630917
17.12.2015;116.366548;69.8753081
18.12.2015;117.2974803;70.50418587
19.12.2015;117.7666703;70.15166495
20.12.2015;116.7067702;69.66060329
21.12.2015;116.1232364;69.10331846
22.12.2015;116.4716061;69.51793837
23.12.2015;116.2386629;69.17034868
24.12.2015;115.4249922;69.03200799
25.12.2015;114.6170173;69.23910401
26.12.2015;113.8146982;68.96214759
27.12.2015;114.9528452;68.54837471
28.12.2015;113.8033167;69.09676171
29.12.2015;112.7790869;68.40579409
30.12.2015;113.004645;69.02144624
31.12.2015;112.5526264;69.22851057
01.01.2016;111.7647581;69.50542462
02.01.2016;111.6529933;68.94938122
03.01.2016;110.8714224;69.36307751
04.01.2016;109.7627081;69.77925597
05.01.2016;110.3115217;69.98859374
06.01.2016;110.3115217;70.4085253
07.01.2016;109.318718;70.83097645
08.01.2016;109.8653116;70.33515962
09.01.2016;110.3047728;69.8428135
10.01.2016;110.9666014;70.3317132
11.01.2016;110.8556348;70.05038634
12.01.2016;110.9664905;70.40063828
13.01.2016;110.855524;69.83743317
14.01.2016;109.9686798;69.6977583
15.01.2016;109.198899;69.6977583
16.01.2016;108.4345067;69.97654934
17.01.2016;109.5188518;69.76661969
18.01.2016;110.1759649;69.90615293
19.01.2016;109.2945572;69.55662216
20.01.2016;108.9666735;69.69573541
21.01.2016;109.2935736;70.25330129
22.01.2016;109.5121607;69.55076828
23.01.2016;108.4170391;69.68986981
24.01.2016;109.3927924;69.20204072
25.01.2016;110.0491492;69.27124277
26.01.2016;110.7094441;69.75614147
27.01.2016;110.4880252;70.45370288
28.01.2016;110.1565611;70.24234177
29.01.2016;110.7073439;70.66379582
30.01.2016;109.6002705;70.23981305
31.01.2016;109.9290713;70.59101211
01.02.2016;109.9290713;70.02628402
02.02.2016;110.3687876;70.16633658
03.02.2016;109.5962061;70.72766728
04.02.2016;109.8153985;70.58621194
05.02.2016;109.9252139;70.37445331
06.02.2016;110.3649147;70.2337044
07.02.2016;111.358199;69.53136735
08.02.2016;112.1377064;69.60089872
09.02.2016;113.2590834;70.08810501
10.02.2016;113.4856016;70.15819312
11.02.2016;113.1451448;70.78961686
12.02.2016;112.0136933;71.49751302
13.02.2016;112.5737618;72.21248816
14.02.2016;112.4611881;71.77921323
15.02.2016;112.1238045;71.77921323
16.02.2016;112.0116807;71.42031716
17.02.2016;112.1236924;71.13463589
18.02.2016;111.899445;70.77896271
19.02.2016;111.3399478;71.13285753
20.02.2016;110.894588;70.56379467
21.02.2016;110.4510096;69.99928431
22.02.2016;110.7823626;69.78928646
23.02.2016;111.3362745;70.34760075
24.02.2016;111.7816196;70.69933875
25.02.2016;112.1169644;71.3356328
26.02.2016;111.8927305;72.04898913
27.02.2016;113.0116578;71.47259721
28.02.2016;112.1075645;71.97290539
29.02.2016;112.1075645;72.26079702
01.03.2016;112.8923175;72.33305781
02.03.2016;113.3438867;71.68206029
03.03.2016;114.3639817;71.03692175
04.03.2016;113.9065258;70.96588483
05.03.2016;114.1343389;70.25622598
06.03.2016;112.9929955;69.97520108
07.03.2016;113.5579604;69.48537467
08.03.2016;112.7630547;69.62434542
09.03.2016;111.6354242;69.27622369
10.03.2016;112.0819659;69.27622369
11.03.2016;111.633638;69.20694747
12.03.2016;110.5173016;69.13774052
13.03.2016;110.4067843;69.20687826
14.03.2016;111.5108522;68.86084387
15.03.2016;111.0648088;68.92970471
16.03.2016;111.509068;68.7229156
17.03.2016;110.7285045;69.06653018
18.03.2016;110.396319;69.68812895
19.03.2016;111.2794896;69.96688146
20.03.2016;110.2779741;69.89691458
21.03.2016;110.829364;69.75712075
22.03.2016;111.9376577;70.45469196
23.03.2016;112.3854083;71.08878419
24.03.2016;111.3739396;71.30205054
25.03.2016;111.8194354;71.44465464
26.03.2016;112.7139909;72.01621188
27.03.2016;111.6995649;72.08822809
28.03.2016;111.5878654;72.59284569
29.03.2016;111.2531018;72.88321707
30.03.2016;110.6968363;72.73745064
31.03.2016;111.4717141;72.30102593
01.04.2016;110.4684687;72.80713311
02.04.2016;111.4626849;72.51590458
03.04.2016;111.3512222;71.79074554
04.04.2016;111.9079783;71.28821032
05.04.2016;112.5794262;70.93176927
06.04.2016;112.1291085;70.64804219
07.04.2016;112.5776249;70.29480198
08.04.2016;113.0279354;69.59185396
09.04.2016;111.8976561;68.89593542
10.04.2016;111.1143725;68.68924761
11.04.2016;111.2254869;68.9640046
12.04.2016;112.2265162;68.27436456
13.04.2016;112.0020632;68.82055947
14.04.2016;112.2260673;68.40763612
15.04.2016;113.0116498;68.06559794
16.04.2016;112.2205683;68.13366353
17.04.2016;111.6594654;68.26993086
18.04.2016;111.6594654;68.88436024
19.04.2016;110.9895086;69.09101332
20.04.2016;110.6565401;69.16010433
21.04.2016;110.1032574;68.6759836
22.04.2016;110.7638769;68.95068754
23.04.2016;111.3176963;69.29544097
24.04.2016;110.4271548;69.91909994
25.04.2016;110.4271548;70.05893814
26.04.2016;111.2001448;69.63858451
27.04.2016;110.7553443;69.7082231
28.04.2016;110.6445889;69.42939021
29.04.2016;110.2020106;69.84596655
30.04.2016;109.8714045;70.33488831
01.05.2016;110.2010187;70.75689764
02.05.2016;110.8622249;70.61538385
03.05.2016;111.6382604;70.19169154
04.05.2016;110.5218778;70.05130816
05.05.2016;111.4060529;70.68176994
06.05.2016;112.0744892;70.5404064
07.05.2016;113.0831596;70.6109468
08.05.2016;111.952328;70.04605923
09.05.2016;111.280614;69.48569075
10.05.2016;111.3918946;68.86031954
11.05.2016;111.6146784;69.48006241
12.05.2016;112.6192105;70.03590291
13.05.2016;111.9434953;70.31604652
14.05.2016;111.2718343;70.59731071
15.05.2016;110.6042033;70.73850533
16.05.2016;109.6087654;70.95072085
17.05.2016;109.4991567;70.38311508
18.05.2016;109.718155;70.38311508
19.05.2016;110.8153365;70.31273197
20.05.2016;110.9261519;69.89085557
21.05.2016;112.0354134;69.40161958
22.05.2016;113.0437321;68.91580825
23.05.2016;112.7046009;68.70906082
24.05.2016;111.6902595;69.25873331
25.05.2016;112.2487108;69.53576824
26.05.2016;111.2384724;69.25762517
27.05.2016;110.1260877;68.77282179
28.05.2016;111.0070964;68.49773051
29.05.2016;111.673139;67.88125093
30.05.2016;110.891427;67.33820092
31.05.2016;111.0023184;67.94424473
01.06.2016;111.2243231;68.48779869
02.06.2016;112.0028933;68.62477429
03.06.2016;112.4509049;69.03652293
04.06.2016;112.5633558;68.48423075
05.06.2016;112.2256657;67.9363569
06.06.2016;111.8889887;68.47984776
07.06.2016;112.5603227;69.02768654
08.06.2016;111.4347194;69.30379729
09.06.2016;110.9889806;68.74936691
10.06.2016;110.6560136;68.26812134
11.06.2016;110.9879817;68.60946195
12.06.2016;111.6539096;67.92336733
13.06.2016;111.6539096;67.24413365
14.06.2016;111.09564;67.64759846
15.06.2016;110.2068749;67.37700806
16.06.2016;109.8762543;66.97274601
17.06.2016;110.0960068;66.83880052
18.06.2016;110.4262948;66.30409012
19.06.2016;109.3220318;66.70191466
20.06.2016;109.5406759;66.03489551
21.06.2016;109.8692979;66.10093041
22.06.2016;109.4298207;65.57212296
23.06.2016;110.524119;64.91640173
24.06.2016;110.4135948;64.33215412
25.06.2016;111.18649;64.0748255
26.06.2016;110.1858116;64.52334928
27.06.2016;109.4145109;64.58787263
28.06.2016;108.9768529;64.71704838
29.06.2016;107.9960612;64.26402904
30.06.2016;108.8600297;64.07123695
01.07.2016;108.6423096;64.00716571
02.07.2016;108.0990981;63.94315855
03.07.2016;108.2071972;64.00710171
04.07.2016;107.8825756;63.49504489
05.07.2016;107.8825756;63.11407462
06.07.2016;106.8037498;63.11407462
07.07.2016;105.7357123;62.48293388
08.07.2016;106.6873337;62.29548507
09.07.2016;107.5408324;62.66925799
10.07.2016;107.1106691;62.73192724
11.07.2016;106.8964477;62.1673399
12.07.2016;106.5757584;61.79433586
13.07.2016;106.6823342;61.85613019
14.07.2016;105.8288755;61.54684954
15.07.2016;106.8871642;62.16231804
16.07.2016;107.2078257;62.16231804
17.07.2016;107.1006179;61.91366877
18.07.2016;106.5651148;62.16132344
19.07.2016;105.9257241;61.53971021
20.07.2016;104.9723926;61.23201166
21.07.2016;105.7071994;61.53817171
22.07.2016;105.1786634;61.10740451
23.07.2016;105.1786634;60.67965268
24.07.2016;105.283842;60.07285615
25.07.2016;104.9679905;60.49336615
26.07.2016;105.4928304;60.43287278
27.07.2016;106.1257874;60.85590289
28.07.2016;106.9747937;61.46446192
29.07.2016;106.2259702;60.97274622
30.07.2016;105.9072923;61.27760996
31.07.2016;106.8604579;61.82910845
01.08.2016;106.9673183;61.89093755
02.08.2016;107.181253;62.20039224
03.08.2016;108.2530655;61.95159067
04.08.2016;107.1705349;62.07549385
05.08.2016;107.7063875;61.88926737
06.08.2016;108.5680386;61.6417103
07.08.2016;108.7851747;62.07320227
08.08.2016;108.8939599;61.82490947
09.08.2016;108.676172;61.94855928
10.08.2016;109.2195528;62.25830208
11.08.2016;109.656431;62.38281869
12.08.2016;109.8757439;62.94426405
13.08.2016;109.8757439;62.692487
14.08.2016;109.3263652;62.44171705
15.08.2016;109.9823234;62.81636735
16.08.2016;108.8825001;63.31889829
17.08.2016;109.2091476;62.9389849
18.08.2016;109.2091476;62.68722896
19.08.2016;109.4275659;63.31410125
20.08.2016;109.8652762;63.25078715
21.08.2016;109.6455456;63.63029187
22.08.2016;110.7420011;63.18487983
23.08.2016;111.4064531;63.81672863
24.08.2016;112.0748918;64.32726246
25.08.2016;110.9541429;64.00562614
26.08.2016;110.5103263;64.32565427
27.08.2016;110.5103263;64.38997993
28.08.2016;110.8418573;63.87486009
29.08.2016;109.7334387;64.51360869
30.08.2016;108.7458378;64.90069034
31.08.2016;108.9633295;65.48479656
01.09.2016;108.0916228;65.28834217
02.09.2016;107.767348;65.09247714
03.09.2016;107.2285112;65.22266209
04.09.2016;108.1935678;65.61399807
05.09.2016;108.7345357;66.13891005
06.09.2016;109.821881;66.00663223
07.09.2016;109.7120591;65.34656591
08.09.2016;108.8343627;65.7386453
09.09.2016;108.0725221;66.26455447
10.09.2016;107.424087;66.72840635
11.09.2016;108.3909038;66.46149272
12.09.2016;108.2825129;66.79380019
13.09.2016;109.365338;67.32815059
14.09.2016;108.709146;67.79944764
15.09.2016;109.47011;67.39265096
16.09.2016;109.2511698;67.72961421
17.09.2016;110.015928;67.05231807
18.09.2016;110.2359598;67.72284125
19.09.2016;111.0076115;67.85828693
20.09.2016;110.2305583;67.31542064
21.09.2016;110.6714805;67.853944
22.09.2016;109.6754372;67.98965189
23.09.2016;109.7851126;68.05764154
24.09.2016;109.5655424;68.26181447
25.09.2016;108.9081491;68.19355265
26.09.2016;107.8190676;68.87548818
27.09.2016;107.4956104;69.42649208
28.09.2016;106.9581324;69.98190402
29.09.2016;107.7068393;69.77195831
30.09.2016;108.3530803;69.14401068
01.10.2016;107.7029619;69.76630678
02.10.2016;106.6259322;69.13841002
03.10.2016;105.9861766;68.51616433
04.10.2016;105.4562458;68.51616433
05.10.2016;105.4562458;68.379132
06.10.2016;106.405352;68.44751113
07.10.2016;105.9797306;67.96837855
08.10.2016;106.7215887;67.35666315
09.10.2016;106.1879807;67.35666315
10.10.2016;107.2498605;67.82815979
11.10.2016;107.7861098;67.35336267
12.10.2016;107.6783237;67.89218957
13.10.2016;108.0013587;67.48483643
14.10.2016;107.2453492;66.80998807
15.10.2016;106.7091225;66.27550816
16.10.2016;107.0292498;66.14295715
17.10.2016;107.7784546;66.47367193
18.10.2016;108.3173468;66.60661928
19.10.2016;107.8840775;67.00625899
20.10.2016;107.4525411;67.40829655
21.10.2016;106.9152784;67.94756292
22.10.2016;106.0599562;67.53987754
23.10.2016;107.0144958;67.40479779
24.10.2016;107.9776263;68.07884577
25.10.2016;108.1935815;67.87460923
26.10.2016;108.1935815;68.48548071
27.10.2016;107.7608072;68.14305331
28.10.2016;106.7909599;67.59790888
29.10.2016;107.3249147;67.12472352
30.10.2016;107.2175898;66.7890999
31.10.2016;108.1825481;66.855889
01.11.2016;107.966183;67.05645667
02.11.2016;107.966183;66.92234376
03.11.2016;108.6139801;67.32387782
04.11.2016;107.8536823;67.32387782
05.11.2016;107.0987065;67.32387782
06.11.2016;108.1696936;67.92979272
07.11.2016;107.8451845;68.0656523
08.11.2016;107.4138037;67.86145535
09.11.2016;106.9841485;67.52214807
10.11.2016;107.1981168;68.06232525
11.11.2016;107.1981168;67.79007595
12.11.2016;106.9837206;68.19681641
13.11.2016;107.4116555;68.87878457
14.11.2016;108.3783604;69.29205728
15.11.2016;109.462144;68.87630494
16.11.2016;110.3378411;68.18754189
17.11.2016;110.7791925;68.86941731
18.11.2016;110.5576341;68.4562008
19.11.2016;110.4470765;68.79848181
20.11.2016;111.1097589;68.72968332
21.11.2016;111.998637;69.14206142
22.11.2016;112.2226343;69.62605585
23.11.2016;112.1104116;69.27792558
24.11.2016;111.1014179;69.83214898
25.11.2016;111.7680265;70.32097402
26.11.2016;111.2091863;69.8287272
27.11.2016;110.7643496;70.17787084
28.11.2016;110.6535852;69.82698149
29.11.2016;110.8748924;69.4080196
30.11.2016;111.9836413;69.7550597
01.12.2016;112.4315759;69.82481476
02.12.2016;112.2067127;69.19639142
03.12.2016;111.7578859;68.50442751
04.12.2016;111.4226122;68.29891423
05.12.2016;112.2025705;68.91360445
06.12.2016;112.0903679;69.6027405
07.12.2016;111.9782776;70.22916516
08.12.2016;112.2022341;70.43985266
09.12.2016;112.9876498;70.29897295
10.12.2016;112.9876498;69.59598322
11.12.2016;113.6655757;69.66557921
12.12.2016;114.4612347;69.87457594
13.12.2016;115.3769246;69.66495222
14.12.2016;115.3769246;69.52562231
15.12.2016;114.8000399;70.01230167
16.12.2016;115.2592401;70.43237548
17.12.2016;114.4524254;69.93934885
18.12.2016;114.9102351;69.58965211
19.12.2016;115.3698761;69.65924176
20.12.2016;115.0237664;69.93787872
21.12.2016;114.2186001;69.93787872
22.12.2016;115.0181303;69.93787872
23.12.2016;114.2130034;69.23849994
24.12.2016;115.2409204;69.44621544
25.12.2016;116.3933296;69.30732301
26.12.2016;115.3457896;69.79247427
27.12.2016;114.5383691;69.86226674
28.12.2016;114.5383691;69.86226674
29.12.2016;114.3092924;69.44309314
30.12.2016;114.8808388;69.09587768
31.12.2016;114.076673;68.4049189
01.01.2017;114.5329796;68.61013366
02.01.2017;115.3347105;68.47291339
03.01.2017;116.0267188;68.19902173
04.01.2017;115.6786386;68.26722076
05.01.2017;114.9845668;68.06241909
06.01.2017;115.5594896;68.47079361
07.01.2017;115.9061681;68.05996885
08.01.2017;115.2107311;68.74056854
09.01.2017;115.0955203;68.87804967
10.01.2017;114.6351383;69.42907407
11.01.2017;115.3229491;68.94307055
12.01.2017;116.4761786;69.49461512
13.01.2017;117.1750357;70.18956127
14.01.2017;117.8780859;69.97899258
15.01.2017;117.0529393;70.32888755
16.01.2017;117.521151;69.97724311
17.01.2017;118.3437991;70.6070383
18.01.2017;119.0538619;70.04218199
19.01.2017;119.1729157;69.48184453
20.01.2017;119.2920887;68.85650793
21.01.2017;120.2464254;68.71879492
22.01.2017;119.7654397;68.51263853
23.01.2017;118.6875507;68.03305006
24.01.2017;119.0436134;67.89698396
25.01.2017;119.162657;67.55749904
26.01.2017;118.447681;67.15215405
27.01.2017;118.3292333;67.75652344
28.01.2017;117.145941;67.34998429
29.01.2017;116.7945032;66.81118442
30.01.2017;115.6265582;66.20988376
31.01.2017;114.8171723;66.4747233
01.02.2017;115.1616238;65.87645079
02.02.2017;116.1980784;66.20583304
03.02.2017;116.8952669;66.33824471
04.02.2017;117.830429;66.80261242
05.02.2017;117.2412768;67.06982287
06.02.2017;117.2412768;66.46619446
07.02.2017;116.0688641;66.0673973
08.02.2017;115.9527952;66.59593647
09.02.2017;115.1411256;66.52934054
10.02.2017;113.9897144;66.59586988
11.02.2017;113.0777967;66.79565749
12.02.2017;112.8516411;66.99604446
13.02.2017;113.9801575;67.53201282
14.02.2017;113.9801575;68.20733294
15.02.2017;114.6640384;68.88940627
16.02.2017;114.5493744;68.75162746
17.02.2017;115.4657694;69.37039211
18.02.2017;115.1193721;69.4397625
19.02.2017;114.4286559;69.4397625
20.02.2017;115.4585138;69.71752155
21.02.2017;115.8048893;69.29921642
22.02.2017;114.9942551;68.74482269
23.02.2017;114.7642666;68.60733304
24.02.2017;113.6166239;68.88176238
25.02.2017;113.275774;68.33070828
26.02.2017;112.3695678;68.67236182
27.02.2017;113.4932635;68.67236182
28.02.2017;113.6067568;68.32900001
01.03.2017;112.4706892;68.19234201
02.03.2017;113.5953961;68.87426543
03.03.2017;113.1410145;69.08088823
04.03.2017;113.8198606;68.59732201
05.03.2017;113.0231216;69.21469791
06.03.2017;112.2319597;69.90684489
07.03.2017;113.0175834;69.97675173
08.03.2017;111.8874076;69.55689122
09.03.2017;111.6636328;68.9308792
10.03.2017;111.3286419;68.24157041
11.03.2017;110.2153555;68.30981198
12.03.2017;109.9949248;68.10488254
13.03.2017;109.9949248;68.6497216
14.03.2017;110.3249095;68.6497216
15.03.2017;110.7662092;68.10052383
16.03.2017;110.2123781;67.96432278
17.03.2017;110.3225905;68.37210872
18.03.2017;111.2051712;67.82513185
19.03.2017;111.9836074;67.21470566
20.03.2017;112.4315419;67.34913507
21.03.2017;113.1061311;66.87769113
22.03.2017;112.7668127;66.74393575
23.03.2017;113.6689472;66.34347213
24.03.2017;113.6689472;66.54250255
25.03.2017;113.7826162;66.40941754
26.03.2017;113.0999205;65.94455162
27.03.2017;112.9868206;66.60399714
28.03.2017;113.5517547;66.47078914
29.03.2017;114.2330652;66.60373072
30.03.2017;113.0907345;66.3373158
31.03.2017;112.1860087;67.00068895
01.04.2017;112.9713107;67.13469033
02.04.2017;111.8415976;66.6647475
03.04.2017;112.4008056;67.06473599
04.04.2017;113.5248137;66.39408863
05.04.2017;112.5030903;66.46048271
06.04.2017;112.9531027;66.19464078
07.04.2017;111.9365248;65.66508366
08.04.2017;110.8171595;66.05907416
09.04.2017;111.2604282;65.86089694
10.04.2017;112.261772;65.39987066
11.04.2017;111.5882014;65.72687001
12.04.2017;110.6954958;66.31841184
13.04.2017;110.2527138;66.11945661
14.04.2017;110.6937246;65.78885932
15.04.2017;110.5830309;65.78885932
16.04.2017;110.2512818;65.6572816
17.04.2017;110.8025382;66.18253986
18.04.2017;110.6917357;65.78544462
19.04.2017;110.138277;65.98280095
20.04.2017;110.3585536;65.98280095
21.04.2017;110.1378365;65.52092134
22.04.2017;110.1378365;65.97956779
23.04.2017;109.2567338;66.44142477
24.04.2017;108.6011934;67.10583902
25.04.2017;107.5151814;67.50847405
26.04.2017;106.8700903;67.9135249
27.04.2017;107.7250511;67.57395727
28.04.2017;107.4018759;67.16851353
29.04.2017;106.3278572;66.83267096
30.04.2017;106.9658243;66.89950363
01.05.2017;107.9285167;67.43469966
02.05.2017;108.2523023;68.04161196
03.05.2017;108.4688069;67.63336228
04.05.2017;107.4925876;67.63336228
05.05.2017;108.0300505;67.70099565
06.05.2017;108.3541407;67.70099565
07.05.2017;107.7040159;67.29478967
08.05.2017;107.5963118;67.16020009
09.05.2017;107.7039081;66.89155929
10.05.2017;107.8116121;66.95845085
11.05.2017;108.2428585;67.36020156
12.05.2017;108.8923157;66.82131995
13.05.2017;109.4367772;66.42039203
14.05.2017;109.4367772;65.95544928
15.05.2017;109.6556508;65.49376114
16.05.2017;108.5590943;65.8867237
17.05.2017;108.9933307;66.34793077
18.05.2017;109.6472906;66.61332249
19.05.2017;110.0858798;67.21284239
20.05.2017;109.7556222;67.21284239
21.05.2017;110.8531784;67.28005524
22.05.2017;110.631472;67.88557573
23.05.2017;109.6357888;68.08923246
24.05.2017;109.1972456;68.49776786
25.05.2017;109.6340346;69.04575
26.05.2017;108.9762304;69.598116
27.05.2017;107.9954443;69.31972353
28.05.2017;108.8594079;69.18108409
29.05.2017;108.7505485;69.45780842
30.05.2017;109.5118023;69.73563966
31.05.2017;109.2927787;69.38696146
01.06.2017;108.3091437;68.97063969
02.06.2017;109.283926;68.83269841
03.06.2017;108.8467903;68.69503301
04.06.2017;109.6087178;69.10720321
05.06.2017;110.2663701;69.17631042
06.06.2017;110.0458374;69.52219197
07.06.2017;110.2659291;70.0783695
08.06.2017;110.7069928;70.14844787
09.06.2017;111.1498208;70.28874477
10.06.2017;110.5940716;70.92134347
11.06.2017;111.0364479;70.28305138
12.06.2017;112.1468124;70.21276833
13.06.2017;113.0439869;69.58085341
14.06.2017;112.591811;69.92875768
15.06.2017;112.4792192;70.0686152
16.06.2017;111.5793854;70.20875243
17.06.2017;112.1372823;70.91083995
18.06.2017;111.3523214;71.61994835
19.06.2017;110.9069121;71.40508851
20.06.2017;110.5741913;71.04806306
21.06.2017;111.2376365;71.26120725
22.06.2017;110.7926859;70.97616242
23.06.2017;110.7926859;71.54397172
24.06.2017;111.7898201;72.04477953
25.06.2017;111.3426608;71.82864519
26.06.2017;112.1220595;71.46950196
27.06.2017;112.3463036;72.11272748
28.06.2017;111.3351868;72.6896293
29.06.2017;111.3351868;72.6896293
30.06.2017;111.7805276;72.83500856
01.07.2017;111.3334055;73.27201861
02.07.2017;112.1127393;73.19874659
03.07.2017;112.8975285;73.63793907
04.07.2017;112.4459384;74.00612876
;;
;;
;;
;;
;;
;;
;;
;;
;;
;;
;;
;;
;;
;;
;;
;;
;;
;;
;;
;;
;;
;;
;;
;;
;;
;;
;;
;;
;;
;;
;;
;;
;;
;;
;;
;;
;;
;;
;;
;;
;;
;;
;;
;;
;;
;;
;;
;;
;;
;;
;;
;;
;;
;;
;;
;;
;;
;;
;;
;;
;;
;;
;;
;;
;;
;;
;;
;;
;;
;;
